{"cameraMode":{"drawMode":0,"name":"Shaded","section":"Shading Mode"},"sceneLighting":true,"audioPlay":false,"sceneViewState":{"m_AlwaysRefresh":false,"showFog":true,"showSkybox":false,"showFlares":true,"showImageEffects":true,"showParticleSystems":true,"showVisualEffectGraphs":true,"m_FxEnabled":true},"in2DMode":false,"pivot":{"x":0.45520466566085818,"y":0.3517988324165344,"z":0.7967650890350342},"rotation":{"x":-0.044840794056653979,"y":0.5739532709121704,"z":0.029551366344094278,"w":0.8175083994865418},"size":1.3971163034439088,"orthographic":false}