{"cameraMode":{"drawMode":0,"name":"Shaded","section":"Shading Mode"},"sceneLighting":false,"audioPlay":false,"sceneViewState":{"m_AlwaysRefresh":false,"showFog":true,"showSkybox":false,"showFlares":true,"showImageEffects":true,"showParticleSystems":true,"showVisualEffectGraphs":true,"m_FxEnabled":true},"in2DMode":false,"pivot":{"x":0.1836717426776886,"y":-0.22973231971263886,"z":0.6672370433807373},"rotation":{"x":0.2649359405040741,"y":0.06966011971235275,"z":-0.019177865236997606,"w":0.9617328643798828},"size":1.8268442153930665,"orthographic":false}