{"cameraMode":{"drawMode":0,"name":"Shaded","section":"Shading Mode"},"sceneLighting":false,"audioPlay":false,"sceneViewState":{"m_AlwaysRefresh":false,"showFog":true,"showSkybox":false,"showFlares":true,"showImageEffects":true,"showParticleSystems":true,"showVisualEffectGraphs":true,"m_FxEnabled":true},"in2DMode":false,"pivot":{"x":0.04883316159248352,"y":0.699083685874939,"z":-5.960464477539063e-8},"rotation":{"x":0.22418789565563203,"y":0.7691885232925415,"z":-0.4730839729309082,"w":0.36715301871299746},"size":1.8231061697006226,"orthographic":false}