{"cameraMode":{"drawMode":0,"name":"Shaded","section":"Shading Mode"},"sceneLighting":false,"audioPlay":false,"sceneViewState":{"m_AlwaysRefresh":false,"showFog":true,"showSkybox":false,"showFlares":true,"showImageEffects":true,"showParticleSystems":true,"showVisualEffectGraphs":true,"m_FxEnabled":true},"in2DMode":false,"pivot":{"x":0.027142947539687158,"y":0.04712400212883949,"z":-0.320006787776947},"rotation":{"x":0.05757495388388634,"y":0.5140661597251892,"z":-0.03577478602528572,"w":0.8553708791732788},"size":0.02403319627046585,"orthographic":false}