{"cameraMode":{"drawMode":0,"name":"Shaded","section":"Shading Mode"},"sceneLighting":true,"audioPlay":false,"sceneViewState":{"m_AlwaysRefresh":false,"showFog":true,"showSkybox":false,"showFlares":true,"showImageEffects":true,"showParticleSystems":true,"showVisualEffectGraphs":true,"m_FxEnabled":true},"in2DMode":false,"pivot":{"x":-0.5035238265991211,"y":-3.5762786865234377e-7,"z":1.4411511421203614},"rotation":{"x":0.05422614887356758,"y":-0.7553127408027649,"z":0.060523293912410739,"w":0.6507906317710877},"size":2.0733370780944826,"orthographic":false}